,date,score
0,2022-01-01 00:17:30,1
1,2022-01-01 11:01:39,1
2,2022-01-02 04:32:18,1
3,2022-01-02 16:24:23,-1
4,2022-01-03 07:40:39,0
5,2022-01-03 11:29:45,1
6,2022-01-03 16:10:25,1
7,2022-01-04 05:13:37,1
8,2022-01-04 08:46:37,1
9,2022-01-04 14:27:18,-1
10,2022-01-05 01:09:21,1
11,2022-01-05 07:14:35,1
12,2022-01-05 11:12:47,1
13,2022-01-05 15:24:25,1
14,2022-01-05 22:50:32,-1
15,2022-01-06 08:33:30,1
16,2022-01-06 11:53:38,1
17,2022-01-06 15:57:26,-1
18,2022-01-07 06:51:36,1
19,2022-01-07 11:32:55,-1
20,2022-01-07 17:48:23,0
21,2022-01-08 09:48:25,0
22,2022-01-09 03:03:31,-1
23,2022-01-09 23:05:25,1
24,2022-01-10 09:20:22,1
25,2022-01-10 13:33:31,0
26,2022-01-10 20:29:22,1
27,2022-01-11 07:43:41,0
28,2022-01-11 12:08:31,1
29,2022-01-11 18:19:28,-1
30,2022-01-12 07:16:24,-1
31,2022-01-12 11:06:49,-1
32,2022-01-12 19:20:30,0
33,2022-01-13 08:32:26,1
34,2022-01-13 10:39:34,-1
35,2022-01-13 13:41:08,1
36,2022-01-13 17:42:28,0
37,2022-01-14 09:45:50,0
38,2022-01-14 16:28:22,0
39,2022-01-14 20:10:11,0
40,2022-01-15 10:51:23,-1
41,2022-01-16 09:02:22,1
42,2022-01-17 04:48:20,-1
43,2022-01-17 09:47:19,1
44,2022-01-18 07:37:17,1
45,2022-01-18 10:02:33,1
46,2022-01-18 17:41:19,1
47,2022-01-19 07:28:26,1
48,2022-01-19 09:52:36,0
49,2022-01-19 12:32:13,1
50,2022-01-19 19:58:52,-1
51,2022-01-20 07:33:25,0
52,2022-01-20 11:02:35,1
53,2022-01-20 15:27:41,0
54,2022-01-20 21:04:28,1
55,2022-01-21 09:38:45,1
56,2022-01-21 13:22:32,1
57,2022-01-21 14:58:25,-1
58,2022-01-21 19:51:32,-1
59,2022-01-21 23:42:32,-1
60,2022-01-22 13:02:37,0
61,2022-01-23 05:51:42,-1
62,2022-01-24 04:56:46,-1
63,2022-01-24 09:00:51,-1
64,2022-01-24 12:07:25,-1
65,2022-01-24 13:41:37,0
66,2022-01-24 16:53:19,-1
67,2022-01-25 01:27:25,0
68,2022-01-25 06:13:28,-1
69,2022-01-25 08:05:18,-1
70,2022-01-25 11:08:36,1
71,2022-01-25 13:16:18,0
72,2022-01-25 14:44:25,1
73,2022-01-25 19:16:23,-1
74,2022-01-26 08:06:53,0
75,2022-01-26 12:10:28,-1
76,2022-01-26 16:20:27,-1
77,2022-01-27 04:04:12,1
78,2022-01-27 10:20:34,1
79,2022-01-27 13:39:32,1
80,2022-01-27 17:41:16,1
81,2022-01-28 08:25:34,1
82,2022-01-28 10:00:32,0
83,2022-01-28 13:23:38,1
84,2022-01-28 15:06:35,1
85,2022-01-28 17:39:50,1
86,2022-01-29 01:20:46,1
87,2022-01-29 13:32:56,0
88,2022-01-30 09:01:32,0
89,2022-01-31 04:38:39,1
90,2022-01-31 10:01:56,1
91,2022-01-31 12:12:49,-1
92,2022-01-31 16:46:20,1
93,2022-01-31 18:01:33,1
94,2022-02-01 07:12:29,1
95,2022-02-01 11:32:31,-1
96,2022-02-01 13:41:19,1
97,2022-02-01 21:28:31,1
98,2022-02-02 06:08:52,0
99,2022-02-02 09:07:16,1
100,2022-02-02 11:20:28,-1
101,2022-02-02 14:06:22,0
102,2022-02-02 17:01:38,1
103,2022-02-02 21:41:19,1
104,2022-02-03 11:22:49,0
105,2022-02-03 17:38:31,1
106,2022-02-03 20:49:39,-1
107,2022-02-04 08:01:43,-1
108,2022-02-04 09:59:43,-1
109,2022-02-04 15:04:29,1
110,2022-02-04 17:42:39,1
111,2022-02-05 08:40:19,1
112,2022-02-06 04:34:36,0
113,2022-02-06 14:16:20,1
114,2022-02-07 06:32:26,1
115,2022-02-07 10:06:28,1
116,2022-02-07 13:42:04,0
117,2022-02-07 16:47:21,1
118,2022-02-07 20:40:33,1
119,2022-02-08 07:42:12,0
120,2022-02-08 09:53:42,1
121,2022-02-08 11:33:31,0
122,2022-02-08 13:55:35,1
123,2022-02-08 18:40:40,1
124,2022-02-09 07:48:25,1
125,2022-02-09 10:39:32,1
126,2022-02-09 16:17:23,0
127,2022-02-10 00:02:49,1
128,2022-02-10 08:36:35,1
129,2022-02-10 11:38:25,1
130,2022-02-10 16:22:21,-1
131,2022-02-11 00:40:56,1
132,2022-02-11 06:39:51,0
133,2022-02-11 09:41:42,1
134,2022-02-11 13:49:44,1
135,2022-02-11 16:50:25,-1
136,2022-02-12 00:42:47,0
137,2022-02-13 03:05:31,-1
138,2022-02-13 18:01:23,-1
139,2022-02-14 09:12:22,-1
140,2022-02-14 15:38:23,1
141,2022-02-14 20:41:55,1
142,2022-02-15 06:21:29,-1
143,2022-02-15 09:48:38,1
144,2022-02-15 11:50:30,0
145,2022-02-15 15:19:53,1
146,2022-02-15 17:42:35,1
147,2022-02-15 21:38:20,1
148,2022-02-16 09:05:28,1
149,2022-02-16 15:41:55,0
150,2022-02-16 19:18:01,1
151,2022-02-17 05:54:35,1
152,2022-02-17 12:20:32,-1
153,2022-02-17 14:39:58,0
154,2022-02-17 16:40:20,-1
155,2022-02-17 18:39:35,1
156,2022-02-18 06:28:31,0
157,2022-02-18 10:27:26,1
158,2022-02-18 13:38:36,1
159,2022-02-18 16:25:21,0
160,2022-02-18 18:39:39,0
161,2022-02-18 22:16:35,1
162,2022-02-18 23:40:47,1
163,2022-02-19 09:27:31,0
164,2022-02-20 07:02:25,0
165,2022-02-21 07:40:12,1
166,2022-02-21 13:44:13,0
167,2022-02-21 23:24:20,1
168,2022-02-22 07:21:58,1
169,2022-02-22 13:00:42,-1
170,2022-02-22 17:48:29,0
171,2022-02-23 07:43:34,0
172,2022-02-23 11:42:25,1
173,2022-02-23 16:29:29,-1
174,2022-02-24 00:33:17,0
175,2022-02-24 08:06:22,-1
176,2022-02-24 12:28:32,-1
177,2022-02-24 17:54:22,-1
178,2022-02-25 06:53:47,-1
179,2022-02-25 09:57:43,1
180,2022-02-25 16:15:35,1
181,2022-02-25 22:20:24,1
182,2022-02-26 09:01:18,0
183,2022-02-27 04:28:04,0
184,2022-02-27 13:52:23,-1
185,2022-02-28 05:54:28,-1
186,2022-02-28 10:21:49,1
187,2022-02-28 14:17:00,-1
188,2022-03-01 02:57:24,0
189,2022-03-01 09:10:51,-1
190,2022-03-01 16:47:21,1
191,2022-03-02 07:13:25,1
192,2022-03-02 10:37:28,1
193,2022-03-02 16:28:17,1
194,2022-03-03 05:18:23,1
195,2022-03-03 11:19:48,1
196,2022-03-03 16:15:31,-1
197,2022-03-03 22:27:38,0
198,2022-03-04 09:40:38,1
199,2022-03-04 15:02:20,1
200,2022-03-05 00:18:38,-1
201,2022-03-05 07:49:11,-1
202,2022-03-05 18:29:04,0
203,2022-03-06 17:32:25,0
204,2022-03-07 09:42:24,1
205,2022-03-07 16:24:59,-1
206,2022-03-08 05:44:00,-1
207,2022-03-08 09:17:04,-1
208,2022-03-08 13:21:34,-1
209,2022-03-08 17:39:24,1
210,2022-03-09 06:42:20,-1
211,2022-03-09 10:33:26,-1
212,2022-03-09 16:37:04,1
213,2022-03-10 03:27:25,1
214,2022-03-10 07:10:46,-1
215,2022-03-10 11:14:38,1
216,2022-03-10 16:51:34,1
217,2022-03-10 20:47:02,-1
218,2022-03-11 07:55:36,0
219,2022-03-11 14:00:32,-1
220,2022-03-11 18:02:28,1
221,2022-03-12 07:36:47,-1
222,2022-03-14 20:42:40,0
223,2022-03-15 07:39:45,-1
224,2022-03-15 12:02:43,1
225,2022-03-15 19:16:21,1
226,2022-03-16 07:25:24,1
227,2022-03-16 10:34:30,1
228,2022-03-16 16:08:49,1
229,2022-03-17 00:54:30,-1
230,2022-03-17 08:31:02,1
231,2022-03-17 12:33:10,-1
232,2022-03-17 18:49:36,1
233,2022-03-18 05:06:17,0
234,2022-03-18 08:30:44,1
235,2022-03-18 13:27:22,1
236,2022-03-18 17:03:25,1
237,2022-03-19 05:11:25,-1
238,2022-03-19 17:01:28,-1
239,2022-03-20 09:09:24,-1
240,2022-03-21 06:19:55,1
241,2022-03-21 09:01:51,1
242,2022-03-21 13:58:01,-1
243,2022-03-22 01:16:27,1
244,2022-03-22 07:46:34,1
245,2022-03-22 11:48:16,0
246,2022-03-22 17:04:20,1
247,2022-03-25 07:24:37,0
248,2022-03-25 11:10:23,1
249,2022-03-25 15:57:22,-1
250,2022-03-25 19:46:24,0
251,2022-03-26 08:00:19,1
252,2022-03-27 03:21:23,1
253,2022-03-27 08:33:29,-1
254,2022-03-28 07:53:36,0
255,2022-03-28 12:10:39,1
256,2022-03-28 17:26:29,1
257,2022-03-29 04:36:36,1
258,2022-03-29 07:32:22,-1
259,2022-03-29 13:11:24,1
260,2022-03-29 20:42:22,1
261,2022-03-30 07:33:48,0
262,2022-03-30 10:49:41,-1
263,2022-03-30 17:08:49,-1
264,2022-03-31 04:55:38,1
265,2022-03-31 08:01:38,0
266,2022-03-31 13:16:48,0
267,2022-03-31 23:32:19,-1
268,2022-04-01 07:13:36,-1
269,2022-04-01 10:21:41,1
270,2022-04-01 14:38:33,-1
271,2022-04-02 00:37:21,1
272,2022-04-02 09:04:54,0
273,2022-04-03 03:39:36,0
274,2022-04-03 11:26:21,-1
275,2022-04-04 05:55:20,1
276,2022-04-04 07:50:16,0
277,2022-04-04 11:36:45,1
278,2022-04-04 16:46:37,1
279,2022-04-05 04:46:58,-1
280,2022-04-05 08:08:38,0
281,2022-04-05 13:38:21,1
282,2022-04-06 06:59:35,-1
283,2022-04-06 10:12:42,0
284,2022-04-06 13:38:39,0
285,2022-04-07 09:32:25,1
286,2022-04-07 15:37:33,0
287,2022-04-08 04:43:56,0
288,2022-04-08 11:18:07,1
289,2022-04-08 16:22:22,0
290,2022-04-09 08:01:34,1
291,2022-04-10 06:14:46,1
292,2022-04-10 17:31:24,1
293,2022-04-11 07:28:29,1
294,2022-04-11 09:23:42,-1
295,2022-04-11 16:08:45,-1
296,2022-04-11 17:59:28,-1
297,2022-04-12 05:53:32,1
298,2022-04-12 07:32:36,-1
299,2022-04-12 11:13:32,1
300,2022-04-12 15:34:51,-1
301,2022-04-13 07:24:23,0
302,2022-04-13 09:45:30,1
303,2022-04-13 16:12:37,1
304,2022-04-14 07:55:47,0
305,2022-04-14 16:34:39,0
306,2022-04-15 10:03:22,-1
307,2022-04-15 18:11:28,1
308,2022-04-16 13:26:11,-1
309,2022-04-17 18:24:29,0
310,2022-04-18 09:04:45,1
311,2022-04-18 13:41:53,1
312,2022-04-18 23:41:28,1
313,2022-04-19 08:38:45,0
314,2022-04-19 15:03:33,1
315,2022-04-19 19:15:38,0
316,2022-04-20 07:40:25,0
317,2022-04-20 17:19:34,-1
318,2022-04-21 09:32:38,1
319,2022-04-21 16:46:53,-1
320,2022-04-22 08:00:24,0
321,2022-04-22 11:43:36,-1
322,2022-04-22 17:58:20,1
323,2022-04-23 08:41:33,-1
324,2022-04-24 01:07:12,1
325,2022-04-24 16:31:26,1
326,2022-04-25 07:44:17,-1
327,2022-04-25 12:43:51,-1
328,2022-04-25 19:07:20,1
329,2022-04-26 08:33:31,-1
330,2022-04-26 13:35:35,-1
331,2022-04-26 20:37:34,1
332,2022-04-27 08:11:34,0
333,2022-04-27 17:44:27,-1
334,2022-04-28 07:50:45,-1
335,2022-04-28 12:07:51,-1
336,2022-04-28 16:45:59,0
337,2022-04-29 09:06:36,-1
338,2022-04-29 13:40:05,1
339,2022-04-29 18:47:24,0
340,2022-04-30 08:07:27,1
341,2022-04-30 14:46:24,-1
342,2022-05-01 06:29:57,0
343,2022-05-02 05:18:45,-1
344,2022-05-02 11:35:32,-1
345,2022-05-02 16:44:20,-1
346,2022-05-02 21:49:23,-1
347,2022-05-03 06:09:47,1
348,2022-05-03 08:25:30,-1
349,2022-05-03 16:46:30,0
350,2022-05-04 01:08:27,0
351,2022-05-04 07:57:35,0
352,2022-05-04 14:12:51,1
353,2022-05-04 20:37:24,1
354,2022-05-05 06:45:00,0
355,2022-05-05 09:18:09,0
356,2022-05-05 13:34:58,0
357,2022-05-05 17:59:31,1
358,2022-05-06 08:24:35,0
359,2022-05-06 13:33:38,-1
360,2022-05-06 16:35:04,0
361,2022-05-07 06:47:32,0
362,2022-05-08 01:12:22,-1
363,2022-05-09 06:57:35,-1
364,2022-05-09 12:01:43,1
365,2022-05-09 16:22:31,-1
366,2022-05-09 23:13:22,1
367,2022-05-10 07:50:26,1
368,2022-05-10 11:33:42,0
369,2022-05-10 14:53:22,-1
370,2022-05-10 20:05:27,0
371,2022-05-11 07:44:34,1
372,2022-05-11 12:07:33,0
373,2022-05-11 17:11:24,-1
374,2022-05-12 00:59:39,0
375,2022-05-12 09:33:52,0
376,2022-05-12 12:59:56,-1
377,2022-05-12 14:42:38,1
378,2022-05-12 16:20:31,-1
379,2022-05-12 20:50:47,-1
380,2022-05-13 07:53:35,1
381,2022-05-13 09:55:14,-1
382,2022-05-13 16:14:20,1
383,2022-05-13 18:13:38,1
384,2022-05-14 03:56:26,-1
385,2022-05-14 17:15:37,0
386,2022-05-15 10:26:27,-1
387,2022-05-15 16:07:23,1
388,2022-05-16 04:04:34,0
389,2022-05-16 10:40:29,-1
390,2022-05-16 13:28:31,0
391,2022-05-16 16:15:48,-1
392,2022-05-17 02:00:26,0
393,2022-05-17 07:01:53,1
394,2022-05-17 12:25:24,1
395,2022-05-17 17:37:38,1
396,2022-05-18 02:11:17,0
397,2022-05-18 06:20:39,0
398,2022-05-18 10:36:34,0
399,2022-05-18 16:47:30,-1
400,2022-05-18 20:02:35,0
401,2022-05-19 06:50:39,0
402,2022-05-19 10:17:36,1
403,2022-05-19 13:38:11,1
404,2022-05-19 16:03:31,0
405,2022-05-20 02:10:31,1
406,2022-05-20 08:35:35,-1
407,2022-05-20 14:39:44,1
408,2022-05-21 00:01:20,1
409,2022-05-21 09:24:33,0
410,2022-05-22 08:29:00,1
411,2022-05-23 04:01:33,-1
412,2022-05-23 07:32:43,0
413,2022-05-23 12:05:38,1
414,2022-05-23 18:13:41,-1
415,2022-05-24 07:02:29,1
416,2022-05-24 09:04:02,-1
417,2022-05-24 15:02:34,1
418,2022-05-24 17:33:39,0
419,2022-05-25 06:48:08,-1
420,2022-05-25 09:32:29,1
421,2022-05-25 13:32:59,1
422,2022-05-26 03:54:24,1
423,2022-05-26 09:03:40,1
424,2022-05-26 12:50:50,1
425,2022-05-27 06:25:47,1
426,2022-05-27 10:31:58,0
427,2022-05-27 16:58:20,1
428,2022-05-28 01:07:56,-1
429,2022-05-28 08:01:37,-1
430,2022-05-29 09:07:30,1
431,2022-05-30 07:56:43,1
432,2022-05-31 05:32:45,1
433,2022-05-31 10:12:18,1
434,2022-05-31 13:48:46,1
435,2022-05-31 19:37:28,0
436,2022-06-01 07:34:05,0
437,2022-06-01 10:01:57,0
438,2022-06-01 12:55:33,1
439,2022-06-01 17:02:50,0
440,2022-06-02 07:42:25,1
441,2022-06-02 12:03:40,-1
442,2022-06-02 17:21:49,-1
443,2022-06-03 05:55:29,0
444,2022-06-03 08:13:32,1
445,2022-06-03 14:04:35,0
446,2022-06-03 17:33:32,-1
447,2022-06-04 08:15:16,1
448,2022-06-04 13:40:24,-1
449,2022-06-05 11:42:00,1
450,2022-06-06 08:15:21,0
451,2022-06-06 17:58:38,-1
452,2022-06-07 05:42:40,0
453,2022-06-07 11:30:24,1
454,2022-06-07 16:00:34,-1
455,2022-06-07 23:19:23,1
456,2022-06-08 07:23:39,-1
457,2022-06-08 12:04:25,-1
458,2022-06-09 02:47:20,0
459,2022-06-09 08:30:28,1
460,2022-06-09 12:53:02,-1
461,2022-06-09 17:10:32,1
462,2022-06-10 05:09:30,-1
463,2022-06-10 08:47:38,-1
464,2022-06-10 11:35:27,-1
465,2022-06-10 16:29:23,-1
466,2022-06-11 04:45:26,0
467,2022-06-11 11:19:21,1
468,2022-06-12 04:47:44,-1
469,2022-06-12 23:47:23,1
470,2022-06-13 07:03:34,1
471,2022-06-13 09:14:22,1
472,2022-06-13 13:05:43,-1
473,2022-06-14 01:53:23,0
474,2022-06-14 07:13:34,1
475,2022-06-14 12:06:41,-1
476,2022-06-14 17:57:27,0
477,2022-06-15 08:21:21,0
478,2022-06-15 13:08:32,-1
479,2022-06-15 15:55:34,1
480,2022-06-15 23:16:27,0
481,2022-06-16 07:59:35,-1
482,2022-06-16 11:37:59,-1
483,2022-06-16 19:15:57,-1
484,2022-06-17 05:05:16,-1
485,2022-06-17 09:30:27,-1
486,2022-06-17 14:57:22,1
487,2022-06-18 01:00:36,1
488,2022-06-18 09:28:33,0
489,2022-06-20 01:32:49,-1
490,2022-06-20 09:17:32,-1
491,2022-06-21 03:02:44,-1
492,2022-06-21 08:52:39,1
493,2022-06-21 12:00:19,-1
494,2022-06-21 19:03:30,1
495,2022-06-22 03:46:32,1
496,2022-06-22 08:44:00,1
497,2022-06-22 12:06:07,-1
498,2022-06-23 06:27:46,0
499,2022-06-23 10:13:35,-1
500,2022-06-23 14:46:22,-1
501,2022-06-24 03:26:21,0
502,2022-06-24 09:41:06,1
503,2022-06-24 13:01:35,-1
504,2022-06-24 18:03:19,1
505,2022-06-25 04:32:21,0
506,2022-06-25 13:56:24,0
507,2022-06-26 09:01:33,1
508,2022-06-27 01:31:50,0
509,2022-06-27 08:33:33,0
510,2022-06-27 14:25:35,1
511,2022-06-28 05:36:27,0
512,2022-06-28 09:11:33,-1
513,2022-06-28 12:20:58,1
514,2022-06-29 02:56:00,-1
515,2022-06-29 09:21:40,1
516,2022-06-29 12:37:00,1
517,2022-06-30 02:19:22,1
518,2022-06-30 08:03:49,1
519,2022-06-30 13:52:25,-1
520,2022-07-01 04:38:25,0
521,2022-07-01 07:41:38,1
522,2022-07-01 11:03:54,-1
523,2022-07-01 15:17:29,1
524,2022-07-01 17:19:57,1
525,2022-07-02 05:19:23,1
526,2022-07-02 13:31:30,0
527,2022-07-03 23:50:28,0
528,2022-07-04 10:51:38,1
529,2022-07-05 04:25:19,-1
530,2022-07-05 10:26:50,0
531,2022-07-05 12:41:31,0
532,2022-07-05 18:52:50,-1
533,2022-07-06 05:32:21,1
534,2022-07-06 09:03:30,-1
535,2022-07-06 14:02:51,-1
536,2022-07-06 18:01:59,1
537,2022-07-07 01:07:31,-1
538,2022-07-07 07:43:19,0
539,2022-07-07 11:04:42,-1
540,2022-07-07 14:46:26,1
541,2022-07-08 01:34:26,-1
542,2022-07-08 09:03:08,1
543,2022-07-08 13:41:58,-1
544,2022-07-08 16:54:25,1
545,2022-07-09 08:03:21,1
546,2022-07-10 06:40:08,-1
547,2022-07-11 04:34:43,0
548,2022-07-11 08:25:41,0
549,2022-07-11 14:12:38,0
550,2022-07-11 18:01:34,0
551,2022-07-12 07:43:45,0
552,2022-07-12 12:36:24,1
553,2022-07-12 18:02:23,1
554,2022-07-13 08:03:24,0
555,2022-07-13 11:36:13,-1
556,2022-07-13 14:49:37,-1
557,2022-07-13 19:28:31,0
558,2022-07-14 07:47:47,0
559,2022-07-14 10:53:14,1
560,2022-07-14 19:41:34,-1
561,2022-07-15 11:41:07,-1
562,2022-07-15 14:01:57,1
563,2022-07-15 18:00:40,0
564,2022-07-16 07:35:18,1
565,2022-07-17 06:02:55,-1
566,2022-07-18 06:34:49,0
567,2022-07-18 09:02:58,1
568,2022-07-18 14:38:33,-1
569,2022-07-19 00:30:26,1
570,2022-07-19 06:58:36,-1
571,2022-07-19 10:33:47,1
572,2022-07-19 18:01:18,1
573,2022-07-20 05:40:36,-1
574,2022-07-20 09:43:37,0
575,2022-07-20 14:03:39,0
576,2022-07-21 04:46:32,0
577,2022-07-21 08:34:06,1
578,2022-07-21 14:25:32,-1
579,2022-07-21 16:43:32,0
580,2022-07-22 04:06:30,1
581,2022-07-22 10:04:36,0
582,2022-07-22 14:02:23,0
583,2022-07-22 18:00:42,0
584,2022-07-23 06:44:22,-1
585,2022-07-23 14:44:40,1
586,2022-07-24 14:43:40,0
587,2022-07-25 07:46:42,1
588,2022-07-25 10:30:30,0
589,2022-07-25 14:00:42,0
590,2022-07-25 18:01:34,0
591,2022-07-26 04:33:09,-1
592,2022-07-26 13:16:17,-1
593,2022-07-26 22:09:47,0
594,2022-07-27 08:30:57,0
595,2022-07-27 10:06:44,0
596,2022-07-27 14:06:27,0
597,2022-07-28 00:30:24,1
598,2022-07-28 10:01:54,0
599,2022-07-28 13:22:26,1
600,2022-07-28 19:51:18,1
601,2022-07-29 07:29:28,1
602,2022-07-29 10:05:13,0
603,2022-07-29 16:04:02,0
604,2022-07-29 18:03:29,0
605,2022-07-30 07:37:47,1
606,2022-07-30 16:16:34,1
607,2022-07-31 17:22:37,0
608,2022-08-01 07:45:36,0
609,2022-08-01 11:37:21,1
610,2022-08-01 14:04:50,0
611,2022-08-01 17:51:10,-1
612,2022-08-01 22:06:23,1
613,2022-08-02 06:01:47,1
614,2022-08-02 10:08:24,0
615,2022-08-02 13:57:06,-1
616,2022-08-02 23:53:28,1
617,2022-08-03 08:31:34,1
618,2022-08-03 14:42:53,1
619,2022-08-04 07:34:00,0
620,2022-08-04 10:08:50,0
621,2022-08-04 16:01:36,0
622,2022-08-04 22:03:29,1
623,2022-08-05 11:33:32,1
624,2022-08-05 17:11:00,0
625,2022-08-05 23:32:21,1
626,2022-08-06 06:01:29,-1
627,2022-08-06 14:49:05,1
628,2022-08-07 12:37:31,-1
629,2022-08-08 08:02:26,-1
630,2022-08-08 11:26:28,0
631,2022-08-08 13:33:41,0
632,2022-08-08 20:03:59,0
633,2022-08-09 08:22:57,0
634,2022-08-09 12:04:26,0
635,2022-08-10 01:10:58,0
636,2022-08-10 10:22:24,1
637,2022-08-10 14:28:43,-1
638,2022-08-11 06:19:42,1
639,2022-08-11 12:16:37,0
640,2022-08-11 19:13:35,1
641,2022-08-12 07:02:35,-1
642,2022-08-12 12:13:21,0
643,2022-08-12 18:02:52,1
644,2022-08-12 21:05:46,1
645,2022-08-13 09:04:26,0
646,2022-08-14 08:29:33,1
647,2022-08-14 22:02:41,1
648,2022-08-15 06:17:43,1
649,2022-08-15 10:01:55,0
650,2022-08-15 13:21:30,-1
651,2022-08-15 18:02:34,1
652,2022-08-16 00:02:08,0
653,2022-08-16 07:38:57,0
654,2022-08-16 13:24:53,0
655,2022-08-16 17:36:41,1
656,2022-08-17 02:58:30,-1
657,2022-08-17 09:47:43,1
658,2022-08-17 14:42:46,0
659,2022-08-18 03:18:29,0
660,2022-08-18 11:17:52,1
661,2022-08-18 18:04:59,1
662,2022-08-19 07:20:55,1
663,2022-08-19 14:05:27,1
664,2022-08-19 22:54:31,1
665,2022-08-20 08:31:39,0
666,2022-08-21 07:26:19,-1
667,2022-08-22 07:31:30,1
668,2022-08-22 09:46:06,1
669,2022-08-22 17:20:47,0
670,2022-08-23 06:01:07,-1
671,2022-08-23 11:02:18,0
672,2022-08-23 18:34:47,1
673,2022-08-24 10:06:01,1
674,2022-08-24 14:28:44,1
675,2022-08-25 03:06:27,1
676,2022-08-25 12:09:33,1
677,2022-08-25 15:58:24,-1
678,2022-08-26 10:32:38,1
679,2022-08-26 16:56:42,0
680,2022-08-26 23:54:17,-1
681,2022-08-27 11:25:30,1
682,2022-08-28 10:09:26,0
683,2022-08-29 07:23:26,1
684,2022-08-29 10:31:29,0
685,2022-08-29 15:55:36,0
686,2022-08-30 02:16:44,1
687,2022-08-30 08:32:14,-1
688,2022-08-30 12:44:05,1
689,2022-08-30 21:20:18,0
690,2022-08-31 07:47:35,-1
691,2022-08-31 15:37:16,1
692,2022-09-01 00:35:34,1
693,2022-09-01 08:42:50,1
694,2022-09-01 19:09:27,1
695,2022-09-02 08:12:38,-1
696,2022-09-02 12:07:39,-1
697,2022-09-02 16:55:47,1
698,2022-09-03 01:08:34,1
699,2022-09-03 17:30:32,0
700,2022-09-05 04:15:15,0
701,2022-09-06 07:44:17,1
702,2022-09-06 11:37:40,1
703,2022-09-06 15:32:14,0
704,2022-09-07 05:36:17,0
705,2022-09-07 08:42:54,-1
706,2022-09-07 18:49:31,1
707,2022-09-08 08:37:13,1
708,2022-09-08 14:32:43,-1
709,2022-09-08 19:23:58,1
710,2022-09-09 11:07:53,1
711,2022-09-09 17:00:33,0
712,2022-09-10 03:05:04,0
713,2022-09-10 11:47:22,0
714,2022-09-11 12:00:19,1
715,2022-09-12 07:50:20,1
716,2022-09-12 12:31:27,0
717,2022-09-12 18:40:24,1
718,2022-09-13 08:06:23,1
719,2022-09-13 11:32:47,-1
720,2022-09-13 17:16:19,-1
721,2022-09-14 02:58:38,-1
722,2022-09-14 08:27:28,-1
723,2022-09-14 14:40:24,-1
724,2022-09-14 19:12:41,-1
725,2022-09-15 09:26:16,-1
726,2022-09-15 14:23:43,1
727,2022-09-15 16:22:59,-1
728,2022-09-16 06:01:26,-1
729,2022-09-16 10:45:20,-1
730,2022-09-16 15:31:22,0
731,2022-09-17 00:18:54,-1
732,2022-09-17 12:38:07,0
733,2022-09-18 10:22:24,1
734,2022-09-19 03:46:51,0
735,2022-09-19 09:36:34,-1
736,2022-09-19 12:02:52,-1
737,2022-09-19 22:45:32,0
738,2022-09-20 11:21:43,1
739,2022-09-20 16:30:48,0
740,2022-09-21 07:32:37,0
741,2022-09-21 10:42:32,-1
742,2022-09-21 18:33:23,1
743,2022-09-22 08:03:32,-1
744,2022-09-22 12:25:27,0
745,2022-09-23 05:53:31,-1
746,2022-09-23 09:03:23,1
747,2022-09-23 12:30:21,-1
748,2022-09-23 17:10:39,-1
749,2022-09-24 07:32:02,1
750,2022-09-24 11:40:08,0
751,2022-09-25 12:20:29,0
752,2022-09-26 07:04:45,0
753,2022-09-26 12:39:15,1
754,2022-09-26 22:29:18,-1
755,2022-09-27 05:19:25,1
756,2022-09-27 11:04:14,-1
757,2022-09-27 13:52:42,0
758,2022-09-27 18:02:44,-1
759,2022-09-28 07:12:35,0
760,2022-09-28 11:36:16,-1
761,2022-09-29 03:25:20,-1
762,2022-09-29 07:33:44,0
763,2022-09-29 12:55:39,1
764,2022-09-29 18:57:33,1
765,2022-09-30 10:23:25,-1
766,2022-09-30 15:02:29,0
767,2022-10-01 01:12:29,-1
768,2022-10-01 12:38:35,1
769,2022-10-02 10:13:19,0
770,2022-10-03 06:30:34,-1
771,2022-10-03 11:22:23,-1
772,2022-10-03 17:43:22,-1
773,2022-10-04 01:20:43,1
774,2022-10-04 07:33:43,0
775,2022-10-04 11:19:40,1
776,2022-10-04 16:19:40,0
777,2022-10-05 04:11:26,-1
778,2022-10-05 08:13:31,-1
779,2022-10-05 11:24:31,-1
780,2022-10-05 14:40:40,-1
781,2022-10-05 21:11:43,-1
782,2022-10-06 07:02:29,0
783,2022-10-06 10:31:19,1
784,2022-10-06 14:44:43,-1
785,2022-10-06 21:03:33,1
786,2022-10-07 05:04:30,1
787,2022-10-07 11:04:32,1
788,2022-10-07 12:48:34,1
789,2022-10-07 16:22:36,1
790,2022-10-07 19:44:46,0
791,2022-10-08 09:03:38,1
792,2022-10-09 13:00:58,0
793,2022-10-10 06:12:19,0
794,2022-10-10 08:14:28,1
795,2022-10-10 13:11:33,-1
796,2022-10-11 04:03:58,-1
797,2022-10-11 11:22:36,1
798,2022-10-11 16:07:47,0
799,2022-10-12 01:37:27,0
800,2022-10-12 07:30:31,1
801,2022-10-12 11:54:20,-1
802,2022-10-12 16:01:01,0
803,2022-10-13 01:24:27,-1
804,2022-10-13 06:03:27,-1
805,2022-10-13 08:47:37,1
806,2022-10-13 12:23:39,-1
807,2022-10-13 15:14:29,1
808,2022-10-13 18:03:40,0
809,2022-10-14 06:17:07,0
810,2022-10-14 10:30:54,1
811,2022-10-14 14:59:32,1
812,2022-10-14 18:53:38,-1
813,2022-10-15 09:48:29,0
814,2022-10-17 01:44:05,1
815,2022-10-17 07:22:10,-1
816,2022-10-17 10:15:50,0
817,2022-10-17 12:31:47,-1
818,2022-10-17 19:35:46,0
819,2022-10-18 06:01:29,1
820,2022-10-18 10:04:01,0
821,2022-10-18 14:44:35,1
822,2022-10-18 21:58:47,1
823,2022-10-19 06:33:46,-1
824,2022-10-19 10:11:47,0
825,2022-10-19 15:14:43,0
826,2022-10-20 07:00:23,0
827,2022-10-20 10:04:07,1
828,2022-10-20 19:13:44,-1
829,2022-10-21 09:05:18,0
830,2022-10-21 11:25:39,-1
831,2022-10-21 14:28:37,0
832,2022-10-21 17:21:09,1
833,2022-10-22 01:31:25,-1
834,2022-10-22 23:39:28,0
835,2022-10-24 02:56:39,-1
836,2022-10-24 09:48:31,1
837,2022-10-24 13:39:51,1
838,2022-10-24 18:35:48,1
839,2022-10-25 06:00:54,1
840,2022-10-25 12:31:24,1
841,2022-10-25 17:02:28,-1
842,2022-10-25 21:24:15,0
843,2022-10-26 07:32:22,0
844,2022-10-26 10:15:16,-1
845,2022-10-26 16:06:36,-1
846,2022-10-27 08:18:50,-1
847,2022-10-27 14:38:23,1
848,2022-10-27 22:52:13,1
849,2022-10-28 10:08:28,0
850,2022-10-28 12:39:24,1
851,2022-10-28 15:50:51,-1
852,2022-10-28 21:23:48,1
853,2022-10-29 08:01:24,-1
854,2022-10-29 15:40:19,1
855,2022-10-31 01:18:22,-1
856,2022-10-31 08:46:08,-1
857,2022-10-31 13:23:20,-1
858,2022-10-31 17:17:22,0
859,2022-11-01 02:02:14,1
860,2022-11-01 08:01:13,1
861,2022-11-01 11:12:29,1
862,2022-11-01 14:31:41,1
863,2022-11-01 21:36:17,1
864,2022-11-02 04:58:19,-1
865,2022-11-02 10:28:37,1
866,2022-11-02 14:10:14,1
867,2022-11-02 23:41:19,1
868,2022-11-03 06:59:37,1
869,2022-11-03 10:10:39,0
870,2022-11-03 14:02:39,0
871,2022-11-03 19:03:30,0
872,2022-11-04 07:32:35,0
873,2022-11-04 10:09:33,0
874,2022-11-04 12:33:31,-1
875,2022-11-04 17:43:18,0
876,2022-11-05 01:12:21,-1
877,2022-11-05 08:08:41,-1
878,2022-11-05 15:56:15,1
879,2022-11-06 12:02:40,-1
880,2022-11-07 06:28:26,-1
881,2022-11-07 11:48:40,0
882,2022-11-07 15:05:32,0
883,2022-11-08 03:07:36,1
884,2022-11-08 07:31:18,1
885,2022-11-08 09:40:36,1
886,2022-11-08 16:27:24,1
887,2022-11-09 02:13:25,0
888,2022-11-09 09:31:27,0
889,2022-11-09 16:06:29,0
890,2022-11-10 01:47:16,1
891,2022-11-10 12:40:01,0
892,2022-11-10 14:22:30,1
893,2022-11-10 20:36:24,1
894,2022-11-11 03:01:18,0
895,2022-11-11 07:09:26,1
896,2022-11-11 10:54:42,-1
897,2022-11-11 16:55:26,1
898,2022-11-12 00:40:55,1
899,2022-11-12 11:08:16,0
900,2022-11-13 21:12:15,-1
901,2022-11-14 07:31:45,0
902,2022-11-14 11:02:40,1
903,2022-11-14 16:26:27,-1
904,2022-11-15 01:05:21,0
905,2022-11-15 08:34:39,1
906,2022-11-15 10:34:55,1
907,2022-11-15 15:03:00,0
908,2022-11-16 00:56:05,1
909,2022-11-16 07:32:23,0
910,2022-11-16 13:33:20,1
911,2022-11-16 17:01:29,0
912,2022-11-17 07:31:30,1
913,2022-11-17 12:59:29,1
914,2022-11-17 19:44:25,-1
915,2022-11-18 05:09:16,0
916,2022-11-18 10:03:59,0
917,2022-11-18 19:00:47,-1
918,2022-11-20 10:38:44,-1
919,2022-11-21 03:00:22,1
920,2022-11-21 07:17:15,0
921,2022-11-21 09:19:10,-1
922,2022-11-21 19:48:40,0
923,2022-11-22 03:05:20,-1
924,2022-11-22 07:16:33,1
925,2022-11-22 12:05:37,-1
926,2022-11-22 15:36:33,1
927,2022-11-23 06:45:39,0
928,2022-11-23 12:42:25,-1
929,2022-11-23 15:45:23,1
930,2022-11-24 21:30:20,1
931,2022-11-25 09:26:19,0
932,2022-11-25 17:57:20,0
933,2022-11-26 09:32:46,1
934,2022-11-27 11:37:28,-1
935,2022-11-28 06:02:35,-1
936,2022-11-28 10:52:13,-1
937,2022-11-28 14:55:21,-1
938,2022-11-29 03:27:16,-1
939,2022-11-29 08:55:33,1
940,2022-11-29 15:11:34,1
941,2022-11-30 04:50:22,1
942,2022-11-30 10:18:13,0
943,2022-11-30 12:32:05,1
944,2022-11-30 16:52:24,1
945,2022-12-01 04:11:31,1
946,2022-12-01 08:06:29,1
947,2022-12-01 12:06:32,0
948,2022-12-01 21:46:18,1
949,2022-12-02 09:07:31,-1
950,2022-12-02 12:57:22,1
951,2022-12-02 17:05:41,0
952,2022-12-03 09:15:23,0
953,2022-12-04 04:49:58,0
954,2022-12-05 02:57:39,-1
955,2022-12-05 09:27:13,1
956,2022-12-05 12:32:37,1
957,2022-12-05 22:35:23,0
958,2022-12-06 07:32:26,0
959,2022-12-06 12:03:31,0
960,2022-12-06 20:20:26,-1
961,2022-12-07 06:31:28,1
962,2022-12-07 11:43:45,-1
963,2022-12-07 17:52:21,0
964,2022-12-08 06:07:34,0
965,2022-12-08 11:03:53,-1
966,2022-12-08 15:33:31,-1
967,2022-12-09 06:17:33,1
968,2022-12-09 11:32:35,1
969,2022-12-09 14:55:37,1
970,2022-12-10 00:54:19,-1
971,2022-12-11 03:07:34,-1
972,2022-12-11 09:01:29,1
973,2022-12-12 05:58:24,0
974,2022-12-12 09:13:24,1
975,2022-12-12 14:44:24,-1
976,2022-12-13 00:17:22,1
977,2022-12-13 06:13:33,0
978,2022-12-13 08:59:27,1
979,2022-12-13 12:31:30,0
980,2022-12-13 17:40:24,1
981,2022-12-14 04:00:27,1
982,2022-12-14 09:34:52,-1
983,2022-12-14 13:01:26,0
984,2022-12-14 19:29:29,1
985,2022-12-15 06:13:25,-1
986,2022-12-15 12:02:22,-1
987,2022-12-15 18:33:28,-1
988,2022-12-16 06:05:26,-1
989,2022-12-16 12:16:18,-1
990,2022-12-16 15:55:43,1
991,2022-12-17 06:09:50,-1
992,2022-12-18 03:37:37,0
993,2022-12-18 18:00:28,-1
994,2022-12-19 07:08:16,0
995,2022-12-19 11:05:29,0
996,2022-12-19 15:30:40,0
997,2022-12-19 20:50:31,-1
998,2022-12-20 07:31:30,0
999,2022-12-20 10:21:30,0
1000,2022-12-20 14:02:00,1
1001,2022-12-21 02:51:38,0
1002,2022-12-21 07:31:29,-1
1003,2022-12-21 10:29:42,1
1004,2022-12-21 13:45:12,1
1005,2022-12-21 17:48:24,-1
1006,2022-12-22 08:50:58,1
1007,2022-12-22 11:21:07,1
1008,2022-12-22 14:33:00,1
1009,2022-12-22 18:28:22,0
1010,2022-12-23 06:42:32,1
1011,2022-12-23 11:42:14,-1
1012,2022-12-23 16:22:21,0
1013,2022-12-24 01:02:30,-1
1014,2022-12-24 08:29:21,0
1015,2022-12-25 08:01:36,1
1016,2022-12-26 09:00:33,1
1017,2022-12-27 07:32:33,0
1018,2022-12-27 11:19:18,-1
1019,2022-12-27 14:29:18,-1
1020,2022-12-28 07:15:25,0
1021,2022-12-28 11:14:25,-1
1022,2022-12-28 14:16:15,-1
1023,2022-12-29 05:33:31,1
1024,2022-12-29 10:06:26,1
1025,2022-12-29 15:52:15,1
1026,2022-12-30 06:52:15,1
1027,2022-12-30 11:33:23,-1
1028,2022-12-30 16:16:52,-1
1029,2022-12-31 04:56:14,-1
1030,2022-12-31 15:00:22,0
1031,2022-01-01 01:03:35,1
1032,2022-01-01 13:05:21,1
1033,2022-01-02 06:07:16,1
1034,2022-01-02 17:47:20,1
1035,2022-01-03 07:47:28,1
1036,2022-01-03 12:08:25,-1
1037,2022-01-03 16:49:25,1
1038,2022-01-04 07:01:47,1
1039,2022-01-04 09:16:50,1
1040,2022-01-04 14:30:24,1
1041,2022-01-05 01:25:38,1
1042,2022-01-05 07:37:55,1
1043,2022-01-05 11:30:31,1
1044,2022-01-05 16:37:27,1
1045,2022-01-05 23:28:22,1
1046,2022-01-06 09:24:43,1
1047,2022-01-06 11:56:37,0
1048,2022-01-06 16:02:31,0
1049,2022-01-07 07:01:31,1
1050,2022-01-07 11:33:24,1
1051,2022-01-07 20:14:32,-1
1052,2022-01-08 12:16:37,1
1053,2022-01-09 05:02:20,-1
1054,2022-01-09 23:21:11,0
1055,2022-01-10 09:49:39,1
1056,2022-01-10 13:38:32,0
1057,2022-01-11 00:16:20,1
1058,2022-01-11 07:54:31,0
1059,2022-01-11 12:24:33,1
1060,2022-01-11 19:12:21,1
1061,2022-01-12 07:22:46,1
1062,2022-01-12 11:19:51,1
1063,2022-01-13 00:12:28,1
1064,2022-01-13 08:37:24,1
1065,2022-01-13 10:44:18,0
1066,2022-01-13 13:41:20,0
1067,2022-01-13 23:11:25,0
1068,2022-01-14 10:48:50,-1
1069,2022-01-14 17:03:37,0
1070,2022-01-14 22:14:38,-1
1071,2022-01-15 11:02:37,-1
1072,2022-01-16 09:06:28,1
1073,2022-01-17 05:25:36,1
1074,2022-01-17 10:05:20,0
1075,2022-01-18 07:38:21,0
1076,2022-01-18 10:23:44,1
1077,2022-01-18 17:51:27,-1
1078,2022-01-19 07:45:31,0
1079,2022-01-19 10:07:36,1
1080,2022-01-19 13:38:24,1
1081,2022-01-19 21:41:30,1
1082,2022-01-20 07:42:28,-1
1083,2022-01-20 12:18:05,0
1084,2022-01-20 17:39:17,0
1085,2022-01-20 21:39:34,0
1086,2022-01-21 09:39:01,0
1087,2022-01-21 13:26:29,0
1088,2022-01-21 15:13:42,-1
1089,2022-01-21 19:56:19,0
1090,2022-01-22 01:55:24,1
1091,2022-01-22 13:29:34,0
1092,2022-01-23 07:58:34,-1
1093,2022-01-24 05:24:33,0
1094,2022-01-24 09:02:18,-1
1095,2022-01-24 12:21:42,-1
1096,2022-01-24 13:41:39,1
1097,2022-01-24 17:26:22,-1
1098,2022-01-25 01:52:34,-1
1099,2022-01-25 06:43:20,1
1100,2022-01-25 08:35:59,-1
1101,2022-01-25 11:22:36,-1
1102,2022-01-25 13:30:28,1
1103,2022-01-25 15:09:38,-1
1104,2022-01-25 19:18:20,1
1105,2022-01-26 08:38:23,1
1106,2022-01-26 12:13:15,1
1107,2022-01-26 16:20:36,0
1108,2022-01-27 04:58:53,1
1109,2022-01-27 11:14:27,1
1110,2022-01-27 13:39:47,1
1111,2022-01-27 19:49:20,-1
1112,2022-01-28 08:32:32,1
1113,2022-01-28 10:28:56,1
1114,2022-01-28 13:23:43,-1
1115,2022-01-28 15:18:47,1
1116,2022-01-28 18:43:28,0
1117,2022-01-29 01:44:30,1
1118,2022-01-29 21:08:59,1
1119,2022-01-30 12:17:25,-1
1120,2022-01-31 06:29:34,1
1121,2022-01-31 10:01:57,1
1122,2022-01-31 12:18:39,-1
1123,2022-01-31 17:08:25,0
1124,2022-01-31 19:42:51,1
1125,2022-02-01 07:30:34,-1
1126,2022-02-01 11:32:33,0
1127,2022-02-01 14:31:35,1
1128,2022-02-01 21:41:38,1
1129,2022-02-02 06:20:33,1
1130,2022-02-02 09:39:36,1
1131,2022-02-02 11:27:29,-1
1132,2022-02-02 14:19:50,1
1133,2022-02-02 17:39:25,1
1134,2022-02-02 21:41:25,0
1135,2022-02-03 11:24:22,1
1136,2022-02-03 17:42:33,1
1137,2022-02-03 22:14:48,1
1138,2022-02-04 08:33:11,1
1139,2022-02-04 10:09:20,0
1140,2022-02-04 15:04:32,1
1141,2022-02-04 20:36:34,1
1142,2022-02-05 09:04:30,1
1143,2022-02-06 04:51:59,-1
1144,2022-02-06 15:15:40,0
1145,2022-02-07 06:43:25,-1
1146,2022-02-07 10:06:48,1
1147,2022-02-07 13:42:09,1
1148,2022-02-07 17:39:39,1
1149,2022-02-07 20:40:38,1
1150,2022-02-08 07:42:13,0
1151,2022-02-08 09:53:47,1
1152,2022-02-08 11:53:26,1
1153,2022-02-08 14:00:39,0
1154,2022-02-08 19:38:51,1
1155,2022-02-09 08:21:34,1
1156,2022-02-09 10:39:56,1
1157,2022-02-09 16:39:09,1
1158,2022-02-10 01:40:34,1
1159,2022-02-10 09:03:59,0
1160,2022-02-10 11:39:30,-1
1161,2022-02-10 16:40:25,1
1162,2022-02-11 01:40:42,1
1163,2022-02-11 06:43:26,0
1164,2022-02-11 11:20:33,-1
1165,2022-02-11 13:50:36,-1
1166,2022-02-11 19:15:24,0
1167,2022-02-12 06:02:21,-1
1168,2022-02-13 05:00:32,0
1169,2022-02-13 19:58:21,-1
1170,2022-02-14 09:32:39,1
1171,2022-02-14 15:38:26,1
1172,2022-02-14 21:23:21,0
1173,2022-02-15 07:03:27,1
1174,2022-02-15 09:57:24,-1
1175,2022-02-15 12:03:28,-1
1176,2022-02-15 15:41:37,1
1177,2022-02-15 17:45:21,1
1178,2022-02-15 23:12:26,1
1179,2022-02-16 09:06:28,1
1180,2022-02-16 15:42:02,1
1181,2022-02-16 19:44:58,1
1182,2022-02-17 07:46:48,0
1183,2022-02-17 12:28:35,1
1184,2022-02-17 15:39:27,1
1185,2022-02-17 16:40:43,1
1186,2022-02-17 18:39:40,1
1187,2022-02-18 07:29:30,1
1188,2022-02-18 11:13:24,0
1189,2022-02-18 13:46:27,0
1190,2022-02-18 16:41:09,1
1191,2022-02-18 18:39:47,1
1192,2022-02-18 22:39:33,1
1193,2022-02-18 23:40:51,1
1194,2022-02-19 09:30:33,1
1195,2022-02-20 10:02:42,1
1196,2022-02-21 09:10:03,0
1197,2022-02-21 14:41:33,1
1198,2022-02-21 23:31:15,0
1199,2022-02-22 08:16:29,0
1200,2022-02-22 14:12:38,0
1201,2022-02-22 19:56:27,0
1202,2022-02-23 07:47:32,-1
1203,2022-02-23 12:21:39,1
1204,2022-02-23 17:07:19,1
1205,2022-02-24 00:41:24,-1
1206,2022-02-24 09:01:55,1
1207,2022-02-24 12:49:32,1
1208,2022-02-24 19:18:16,1
1209,2022-02-25 06:55:34,0
1210,2022-02-25 10:29:32,1
1211,2022-02-25 16:25:41,0
1212,2022-02-25 22:46:17,0
1213,2022-02-26 09:01:21,0
1214,2022-02-27 06:17:36,-1
1215,2022-02-27 15:18:18,-1
1216,2022-02-28 06:01:56,0
1217,2022-02-28 11:28:35,-1
1218,2022-02-28 14:38:24,1
1219,2022-03-01 03:08:33,1
1220,2022-03-01 09:13:45,1
1221,2022-03-01 16:54:18,-1
1222,2022-03-02 07:40:45,1
1223,2022-03-02 10:37:30,1
1224,2022-03-02 16:31:36,1
1225,2022-03-03 05:43:29,-1
1226,2022-03-03 11:34:58,1
1227,2022-03-03 16:25:29,1
1228,2022-03-04 01:07:33,0
1229,2022-03-04 09:43:39,1
1230,2022-03-04 15:06:33,-1
1231,2022-03-05 00:29:06,1
1232,2022-03-05 08:28:10,0
1233,2022-03-06 00:57:07,1
1234,2022-03-06 23:38:22,1
1235,2022-03-07 10:16:17,0
1236,2022-03-07 16:53:35,-1
1237,2022-03-08 05:56:56,0
1238,2022-03-08 10:07:20,1
1239,2022-03-08 13:44:43,-1
1240,2022-03-08 19:44:34,-1
1241,2022-03-09 07:02:28,-1
1242,2022-03-09 11:07:36,-1
1243,2022-03-09 17:23:17,1
1244,2022-03-10 03:42:43,1
1245,2022-03-10 07:31:30,0
1246,2022-03-10 12:02:41,-1
1247,2022-03-10 17:01:34,0
1248,2022-03-11 03:48:18,1
1249,2022-03-11 08:37:31,-1
1250,2022-03-11 14:20:37,0
1251,2022-03-11 18:07:33,-1
1252,2022-03-12 09:04:37,0
1253,2022-03-14 21:01:29,-1
1254,2022-03-15 07:49:33,-1
1255,2022-03-15 13:04:32,1
1256,2022-03-15 23:07:26,0
1257,2022-03-16 07:32:27,0
1258,2022-03-16 11:18:37,1
1259,2022-03-16 16:28:38,0
1260,2022-03-17 04:15:27,1
1261,2022-03-17 08:50:33,1
1262,2022-03-17 12:40:41,0
1263,2022-03-17 19:34:45,1
1264,2022-03-18 06:42:26,-1
1265,2022-03-18 08:56:51,1
1266,2022-03-18 14:00:33,1
1267,2022-03-18 17:09:51,5
1268,2022-03-19 06:00:30,1
1269,2022-03-19 23:21:39,0
1270,2022-03-20 11:03:36,-1
1271,2022-03-21 07:30:24,0
1272,2022-03-21 09:19:26,1
1273,2022-03-21 15:39:35,1
1274,2022-03-22 06:01:23,0
1275,2022-03-22 07:55:32,-1
1276,2022-03-22 11:51:36,1
1277,2022-03-22 17:04:36,1
1278,2022-03-25 07:34:24,0
1279,2022-03-25 12:02:51,1
1280,2022-03-25 16:13:37,-1
1281,2022-03-25 19:56:26,1
1282,2022-03-26 09:50:32,-1
1283,2022-03-27 04:00:40,1
1284,2022-03-27 08:39:35,1
1285,2022-03-28 07:59:39,0
1286,2022-03-28 12:35:36,-1
1287,2022-03-28 18:16:25,0
1288,2022-03-29 04:38:16,1
1289,2022-03-29 08:04:47,0
1290,2022-03-29 14:04:29,0
1291,2022-03-29 21:53:25,1
1292,2022-03-30 07:33:51,1
1293,2022-03-30 11:22:32,1
1294,2022-03-30 18:52:18,1
1295,2022-03-31 06:25:35,1
1296,2022-03-31 08:14:32,1
1297,2022-03-31 14:14:07,0
1298,2022-04-01 00:49:31,1
1299,2022-04-01 07:19:30,-1
1300,2022-04-01 10:35:25,1
1301,2022-04-01 15:31:28,1
1302,2022-04-02 00:37:26,-1
1303,2022-04-02 09:30:27,1
1304,2022-04-03 04:05:35,1
1305,2022-04-03 14:13:31,1
1306,2022-04-04 06:08:45,-1
1307,2022-04-04 08:02:31,0
1308,2022-04-04 11:48:51,0
1309,2022-04-04 16:49:55,0
1310,2022-04-05 04:52:31,1
1311,2022-04-05 08:29:30,0
1312,2022-04-05 13:52:50,1
1313,2022-04-06 07:09:39,0
1314,2022-04-06 10:24:25,-1
1315,2022-04-06 17:28:28,-1
1316,2022-04-07 09:38:34,1
1317,2022-04-07 15:40:28,1
1318,2022-04-08 07:31:26,1
1319,2022-04-08 11:18:42,-1
1320,2022-04-08 16:44:41,1
1321,2022-04-09 08:02:32,-1
1322,2022-04-10 06:23:36,0
1323,2022-04-11 03:03:21,1
1324,2022-04-11 07:32:28,-1
1325,2022-04-11 09:45:38,1
1326,2022-04-11 16:16:45,-1
1327,2022-04-11 18:13:21,0
1328,2022-04-12 06:02:32,-1
1329,2022-04-12 07:45:30,1
1330,2022-04-12 11:21:37,1
1331,2022-04-12 16:08:51,-1
1332,2022-04-13 07:33:41,1
1333,2022-04-13 10:46:26,-1
1334,2022-04-13 18:15:05,-1
1335,2022-04-14 08:34:29,1
1336,2022-04-14 17:08:22,-1
1337,2022-04-15 11:39:40,-1
1338,2022-04-16 00:32:36,0
1339,2022-04-16 13:38:35,-1
1340,2022-04-18 00:18:57,1
1341,2022-04-18 09:21:03,-1
1342,2022-04-18 15:48:37,1
1343,2022-04-19 04:27:25,0
1344,2022-04-19 09:09:54,1
1345,2022-04-19 15:10:33,-1
1346,2022-04-20 02:20:33,1
1347,2022-04-20 07:46:10,0
1348,2022-04-20 17:52:15,1
1349,2022-04-21 10:16:51,0
1350,2022-04-21 17:37:50,-1
1351,2022-04-22 08:16:10,1
1352,2022-04-22 11:50:58,1
1353,2022-04-22 18:26:32,1
1354,2022-04-23 10:32:33,-1
1355,2022-04-24 04:17:27,-1
1356,2022-04-24 16:41:08,-1
1357,2022-04-25 08:04:33,1
1358,2022-04-25 13:31:43,1
1359,2022-04-26 01:23:00,1
1360,2022-04-26 10:04:50,1
1361,2022-04-26 14:06:13,0
1362,2022-04-27 00:19:19,1
1363,2022-04-27 08:42:21,-1
1364,2022-04-27 18:49:30,0
1365,2022-04-28 07:53:28,-1
1366,2022-04-28 12:16:42,1
1367,2022-04-28 17:27:24,1
1368,2022-04-29 09:06:41,1
1369,2022-04-29 14:26:38,0
1370,2022-04-29 19:10:32,-1
1371,2022-04-30 08:31:35,-1
1372,2022-04-30 16:00:57,-1
1373,2022-05-01 07:06:36,1
1374,2022-05-02 05:50:44,1
1375,2022-05-02 11:39:30,0
1376,2022-05-02 17:25:18,1
1377,2022-05-03 01:28:30,-1
1378,2022-05-03 06:35:37,1
1379,2022-05-03 09:17:27,0
1380,2022-05-03 16:53:31,1
1381,2022-05-04 04:09:21,0
1382,2022-05-04 09:02:30,1
1383,2022-05-04 15:44:15,0
1384,2022-05-05 01:21:46,1
1385,2022-05-05 07:06:39,0
1386,2022-05-05 09:36:22,-1
1387,2022-05-05 14:08:30,0
1388,2022-05-05 17:59:37,1
1389,2022-05-06 09:02:48,1
1390,2022-05-06 14:01:36,-1
1391,2022-05-06 16:35:33,0
1392,2022-05-07 07:36:30,-1
1393,2022-05-08 02:31:29,-1
1394,2022-05-09 07:35:14,0
1395,2022-05-09 12:04:25,1
1396,2022-05-09 17:09:24,0
1397,2022-05-10 04:54:29,-1
1398,2022-05-10 08:51:43,1
1399,2022-05-10 11:52:37,-1
1400,2022-05-10 15:45:17,-1
1401,2022-05-10 20:05:37,0
1402,2022-05-11 09:02:23,-1
1403,2022-05-11 12:35:33,0
1404,2022-05-11 18:00:33,0
1405,2022-05-12 02:32:25,-1
1406,2022-05-12 09:33:57,-1
1407,2022-05-12 13:14:43,-1
1408,2022-05-12 14:56:27,-1
1409,2022-05-12 16:32:40,1
1410,2022-05-12 23:04:35,-1
1411,2022-05-13 07:59:38,1
1412,2022-05-13 10:15:25,1
1413,2022-05-13 16:22:21,0
1414,2022-05-13 21:26:39,0
1415,2022-05-14 05:00:10,0
1416,2022-05-14 22:15:25,-1
1417,2022-05-15 10:42:23,0
1418,2022-05-15 18:04:41,0
1419,2022-05-16 04:04:44,0
1420,2022-05-16 10:58:04,-1
1421,2022-05-16 13:40:50,1
1422,2022-05-16 16:16:47,1
1423,2022-05-17 02:16:22,0
1424,2022-05-17 07:02:32,1
1425,2022-05-17 12:32:27,0
1426,2022-05-17 17:48:20,0
1427,2022-05-18 02:38:32,0
1428,2022-05-18 06:35:30,0
1429,2022-05-18 10:50:27,-1
1430,2022-05-18 17:06:24,1
1431,2022-05-18 20:02:38,0
1432,2022-05-19 06:56:29,0
1433,2022-05-19 11:02:46,1
1434,2022-05-19 13:40:28,0
1435,2022-05-19 16:36:00,-1
1436,2022-05-20 05:26:13,-1
1437,2022-05-20 09:02:28,1
1438,2022-05-20 15:14:22,-1
1439,2022-05-21 00:24:39,-1
1440,2022-05-21 10:26:42,0
1441,2022-05-22 09:05:35,-1
1442,2022-05-23 04:29:23,-1
1443,2022-05-23 07:48:27,1
1444,2022-05-23 12:06:21,-1
1445,2022-05-23 19:06:35,0
1446,2022-05-24 07:02:39,-1
1447,2022-05-24 09:10:09,1
1448,2022-05-24 15:31:40,1
1449,2022-05-24 17:52:31,1
1450,2022-05-25 07:49:42,0
1451,2022-05-25 09:32:33,1
1452,2022-05-25 13:33:05,-1
1453,2022-05-26 04:31:29,0
1454,2022-05-26 09:04:17,-1
1455,2022-05-26 13:31:39,1
1456,2022-05-27 06:36:28,1
1457,2022-05-27 11:09:25,0
1458,2022-05-27 17:11:28,1
1459,2022-05-28 02:02:18,-1
1460,2022-05-28 09:02:36,-1
1461,2022-05-29 10:14:19,1
1462,2022-05-30 08:22:31,1
1463,2022-05-31 06:49:42,-1
1464,2022-05-31 10:29:19,1
1465,2022-05-31 14:21:33,-1
1466,2022-06-01 00:45:31,1
1467,2022-06-01 07:34:08,0
1468,2022-06-01 10:18:43,0
1469,2022-06-01 13:44:57,1
1470,2022-06-01 19:09:17,0
1471,2022-06-02 07:50:25,-1
1472,2022-06-02 12:17:16,0
1473,2022-06-02 17:29:31,0
1474,2022-06-03 06:25:16,-1
1475,2022-06-03 08:24:37,-1
1476,2022-06-03 14:32:54,1
1477,2022-06-03 17:43:44,-1
1478,2022-06-04 08:31:29,1
1479,2022-06-04 17:11:30,-1
1480,2022-06-05 18:11:27,1
1481,2022-06-06 10:59:27,1
1482,2022-06-06 23:12:40,1
1483,2022-06-07 06:24:59,-1
1484,2022-06-07 12:02:32,1
1485,2022-06-07 16:02:42,1
1486,2022-06-08 01:55:23,0
1487,2022-06-08 07:49:33,1
1488,2022-06-08 12:34:34,-1
1489,2022-06-09 03:12:30,-1
1490,2022-06-09 09:21:16,1
1491,2022-06-09 13:37:46,1
1492,2022-06-09 17:26:30,0
1493,2022-06-10 06:28:26,-1
1494,2022-06-10 08:57:22,-1
1495,2022-06-10 12:02:24,-1
1496,2022-06-10 16:35:27,0
1497,2022-06-11 07:29:21,-1
1498,2022-06-11 12:37:29,1
1499,2022-06-12 08:19:23,-1
1500,2022-06-13 02:04:29,0
1501,2022-06-13 07:27:29,1
1502,2022-06-13 09:23:23,0
1503,2022-06-13 13:51:49,-1
1504,2022-06-14 02:09:10,-1
1505,2022-06-14 07:45:59,0
1506,2022-06-14 12:32:06,-1
1507,2022-06-14 21:04:27,1
1508,2022-06-15 09:01:31,1
1509,2022-06-15 13:22:24,-1
1510,2022-06-15 15:58:10,1
1511,2022-06-16 03:04:36,-1
1512,2022-06-16 08:31:36,1
1513,2022-06-16 11:40:33,1
1514,2022-06-16 21:52:31,-1
1515,2022-06-17 06:00:42,0
1516,2022-06-17 09:30:30,-1
1517,2022-06-17 15:53:37,-1
1518,2022-06-18 01:55:26,-1
1519,2022-06-18 09:37:21,-1
1520,2022-06-20 03:32:46,-1
1521,2022-06-20 10:35:27,0
1522,2022-06-21 03:02:45,0
1523,2022-06-21 09:01:34,-1
1524,2022-06-21 12:00:28,1
1525,2022-06-21 19:38:50,0
1526,2022-06-22 05:26:24,0
1527,2022-06-22 09:03:24,1
1528,2022-06-22 17:02:43,-1
1529,2022-06-23 06:38:43,0
1530,2022-06-23 11:28:24,-1
1531,2022-06-23 16:26:31,1
1532,2022-06-24 05:34:10,1
1533,2022-06-24 10:32:35,-1
1534,2022-06-24 14:03:58,1
1535,2022-06-24 18:19:21,-1
1536,2022-06-25 04:53:30,-1
1537,2022-06-25 14:07:28,0
1538,2022-06-26 09:43:22,1
1539,2022-06-27 02:40:19,0
1540,2022-06-27 09:36:28,-1
1541,2022-06-27 14:42:30,-1
1542,2022-06-28 06:01:28,-1
1543,2022-06-28 09:32:27,1
1544,2022-06-28 13:58:18,1
1545,2022-06-29 04:03:21,-1
1546,2022-06-29 09:33:30,0
1547,2022-06-29 13:24:29,-1
1548,2022-06-30 02:58:32,-1
1549,2022-06-30 08:19:39,1
1550,2022-06-30 13:52:38,-1
1551,2022-07-01 05:04:15,-1
1552,2022-07-01 08:26:40,-1
1553,2022-07-01 11:04:33,-1
1554,2022-07-01 15:43:23,1
1555,2022-07-01 18:06:30,0
1556,2022-07-02 06:18:26,1
1557,2022-07-03 00:54:31,1
1558,2022-07-04 02:11:25,-1
1559,2022-07-04 11:50:03,0
1560,2022-07-05 05:47:19,0
1561,2022-07-05 10:47:20,-1
1562,2022-07-05 12:47:41,0
1563,2022-07-05 19:26:27,-1
1564,2022-07-06 07:01:33,-1
1565,2022-07-06 09:21:34,-1
1566,2022-07-06 14:14:32,-1
1567,2022-07-06 18:11:23,1
1568,2022-07-07 03:54:51,-1
1569,2022-07-07 08:07:26,0
1570,2022-07-07 11:19:13,0
1571,2022-07-07 15:31:21,1
1572,2022-07-08 03:42:42,-1
1573,2022-07-08 09:17:30,-1
1574,2022-07-08 14:03:38,1
1575,2022-07-08 17:50:25,0
1576,2022-07-09 09:05:38,0
1577,2022-07-10 08:01:39,1
1578,2022-07-11 04:38:31,0
1579,2022-07-11 09:02:37,1
1580,2022-07-11 14:19:39,-1
1581,2022-07-11 22:02:31,0
1582,2022-07-12 07:50:31,0
1583,2022-07-12 13:32:30,1
1584,2022-07-12 18:17:34,1
1585,2022-07-13 08:15:36,0
1586,2022-07-13 11:49:47,1
1587,2022-07-13 15:29:31,-1
1588,2022-07-13 21:42:45,-1
1589,2022-07-14 07:55:40,-1
1590,2022-07-14 12:31:51,0
1591,2022-07-15 02:26:34,1
1592,2022-07-15 12:01:20,-1
1593,2022-07-15 14:02:03,0
1594,2022-07-15 18:01:40,0
1595,2022-07-16 09:03:42,1
1596,2022-07-17 06:06:15,0
1597,2022-07-18 06:40:38,0
1598,2022-07-18 09:05:27,1
1599,2022-07-18 15:23:26,0
1600,2022-07-19 04:35:34,1
1601,2022-07-19 07:06:01,1
1602,2022-07-19 11:12:38,-1
1603,2022-07-19 18:01:26,0
1604,2022-07-20 06:01:01,0
1605,2022-07-20 10:02:34,0
1606,2022-07-20 14:04:14,0
1607,2022-07-21 04:52:02,-1
1608,2022-07-21 08:59:34,1
1609,2022-07-21 14:26:31,0
1610,2022-07-21 17:29:29,0
1611,2022-07-22 04:58:42,1
1612,2022-07-22 10:06:09,1
1613,2022-07-22 14:02:31,0
1614,2022-07-22 18:01:16,0
1615,2022-07-23 07:01:42,-1
1616,2022-07-23 15:00:07,1
1617,2022-07-24 16:44:24,0
1618,2022-07-25 07:47:01,0
1619,2022-07-25 10:43:12,1
1620,2022-07-25 14:01:06,1
1621,2022-07-25 18:01:50,0
1622,2022-07-26 06:29:45,0
1623,2022-07-26 13:29:48,0
1624,2022-07-27 00:58:33,-1
1625,2022-07-27 08:30:59,0
1626,2022-07-27 10:06:49,0
1627,2022-07-27 14:06:29,0
1628,2022-07-28 00:51:41,0
1629,2022-07-28 10:02:04,0
1630,2022-07-28 14:00:55,0
1631,2022-07-28 19:53:34,1
1632,2022-07-29 07:50:31,0
1633,2022-07-29 10:06:58,0
1634,2022-07-29 16:09:34,1
1635,2022-07-29 19:11:36,-1
1636,2022-07-30 08:02:15,0
1637,2022-07-30 17:25:28,0
1638,2022-07-31 20:00:29,0
1639,2022-08-01 08:04:21,1
1640,2022-08-01 12:03:42,1
1641,2022-08-01 14:04:59,0
1642,2022-08-01 18:00:43,0
1643,2022-08-01 23:42:52,-1
1644,2022-08-02 06:21:35,1
1645,2022-08-02 10:34:23,1
1646,2022-08-02 14:01:52,0
1647,2022-08-03 02:45:13,0
1648,2022-08-03 10:05:37,0
1649,2022-08-03 15:21:35,-1
1650,2022-08-04 08:02:30,1
1651,2022-08-04 11:03:46,1
1652,2022-08-04 16:16:48,-1
1653,2022-08-04 22:33:32,-1
1654,2022-08-05 11:55:35,1
1655,2022-08-05 17:16:35,1
1656,2022-08-05 23:37:27,-1
1657,2022-08-06 07:52:06,-1
1658,2022-08-06 16:40:24,0
1659,2022-08-07 16:34:32,1
1660,2022-08-08 08:04:19,1
1661,2022-08-08 11:32:37,1
1662,2022-08-08 14:00:28,1
1663,2022-08-08 22:04:35,0
1664,2022-08-09 08:41:30,1
1665,2022-08-09 12:04:37,1
1666,2022-08-10 01:41:02,1
1667,2022-08-10 10:39:59,1
1668,2022-08-10 15:06:20,0
1669,2022-08-11 06:32:26,0
1670,2022-08-11 12:38:24,0
1671,2022-08-11 19:59:42,-1
1672,2022-08-12 07:05:10,1
1673,2022-08-12 12:27:28,1
1674,2022-08-12 18:03:08,0
1675,2022-08-12 22:29:24,-1
1676,2022-08-13 09:30:34,1
1677,2022-08-14 09:04:22,1
1678,2022-08-15 01:20:43,1
1679,2022-08-15 06:44:39,0
1680,2022-08-15 10:01:58,1
1681,2022-08-15 13:38:46,0
1682,2022-08-15 18:02:54,0
1683,2022-08-16 02:48:24,1
1684,2022-08-16 07:53:57,1
1685,2022-08-16 13:48:21,0
1686,2022-08-16 18:01:33,0
1687,2022-08-17 05:46:24,1
1688,2022-08-17 10:06:21,1
1689,2022-08-17 15:42:13,0
1690,2022-08-18 04:31:32,1
1691,2022-08-18 12:02:07,1
1692,2022-08-18 19:24:39,1
1693,2022-08-19 07:25:44,-1
1694,2022-08-19 14:13:27,1
1695,2022-08-19 23:48:57,0
1696,2022-08-20 09:43:36,0
1697,2022-08-21 08:25:36,1
1698,2022-08-22 07:32:45,0
1699,2022-08-22 11:01:44,0
1700,2022-08-22 19:09:46,0
1701,2022-08-23 07:24:34,0
1702,2022-08-23 11:29:38,-1
1703,2022-08-23 18:53:27,1
1704,2022-08-24 10:39:34,1
1705,2022-08-24 15:27:30,1
1706,2022-08-25 06:19:18,1
1707,2022-08-25 12:33:41,0
1708,2022-08-25 16:02:23,0
1709,2022-08-26 10:48:31,-1
1710,2022-08-26 17:01:19,1
1711,2022-08-27 00:03:34,-1
1712,2022-08-27 11:32:33,1
1713,2022-08-28 10:54:15,0
1714,2022-08-29 07:32:13,1
1715,2022-08-29 10:31:46,1
1716,2022-08-29 16:44:27,0
1717,2022-08-30 03:15:17,1
1718,2022-08-30 08:38:49,0
1719,2022-08-30 12:53:34,1
1720,2022-08-30 23:43:15,-1
1721,2022-08-31 08:01:48,1
1722,2022-08-31 17:17:36,0
1723,2022-09-01 01:26:31,1
1724,2022-09-01 10:47:34,1
1725,2022-09-01 20:01:34,0
1726,2022-09-02 08:28:31,0
1727,2022-09-02 12:07:40,0
1728,2022-09-02 17:04:27,-1
1729,2022-09-03 03:21:22,-1
1730,2022-09-04 05:43:49,1
